adverse_selection,policy,mean_pnl,std_pnl,sharpe_like
0.0,avellaneda_stoikov,64.85667940945122,6.533038321912479,9.927491040717651
0.0,naive_symmetric,67.91656524451778,13.397519543264343,5.069338770150413
0.02,avellaneda_stoikov,64.01449380945122,6.490613679691634,9.862625780632275
0.02,naive_symmetric,66.50164924451778,13.399028856608242,4.963169342808002
0.05,avellaneda_stoikov,62.75121540945128,6.432243401058089,9.755727744868743
0.05,naive_symmetric,64.37927524451779,13.544436428962701,4.753189664418415
0.1,avellaneda_stoikov,60.64575140945128,6.34942283044173,9.551380185091901
0.1,naive_symmetric,60.84198524451777,14.15157390883525,4.299308729648248
0.2,avellaneda_stoikov,56.434823409451155,6.240412603465947,9.043444239265055
0.2,naive_symmetric,53.76740524451778,16.506628635009502,3.257322039128
