gamma,mean_pnl,std_pnl,sharpe_like,mean_terminal_inventory,std_terminal_inventory,mean_abs_inventory_over_time,mean_max_abs_inventory,clip_binding_frac
0.01,68.3457186127078,8.996251675064686,7.597132792776873,-0.01368,5.215468999039071,2.5761130348258705,7.16968,0.0
0.02,67.98970001568276,7.905043720621111,8.60079999789561,-0.01004,4.378347016495145,1.9803940298507463,6.08392,0.0
0.05,66.8421424619544,6.957208568916232,9.607609402511677,0.00148,3.4752150080228184,1.346101592039801,4.79632,1e-07
0.1,64.85667940945122,6.533038321912479,9.927491040717651,0.00778,2.920097602992102,0.9803922388059702,3.98222,8.42e-05
0.2,60.797066770402395,6.263771325615626,9.706144048039148,0.01146,2.450642524191488,0.692696815920398,3.28372,0.0018183
0.3,56.768897409053054,6.13293039804919,9.256406599218955,0.01642,2.215267146817881,0.5484565174129353,2.9377,0.00192945
0.5,48.51067107598517,5.8675103613699315,8.267675400347997,0.01604,1.9511788386452962,0.3805654726368159,2.56422,0.0126865
0.8,37.25229862094169,5.243088154225133,7.105029998574788,0.01678,1.731495998600015,0.2621255721393035,2.25998,0.0251346
1.2,26.859536017523688,4.426180029550442,6.068333379618939,0.00986,1.5608624238638473,0.18335572139303483,2.00242,0.024671
